,coordinates,demand,ready_time,due_time,service_time
0,"(40, 50)",0,0,240,0
96,"(55, 54)",26,132,162,10
66,"(41, 37)",16,133,163,10
45,"(20, 82)",10,37,67,10
68,"(40, 60)",21,144,174,10
23,"(38, 5)",30,65,95,10
2,"(22, 75)",30,50,80,10
100,"(31, 67)",3,180,210,10
91,"(49, 42)",13,167,197,10
65,"(35, 40)",16,11,41,10
32,"(87, 30)",10,131,161,10
49,"(42, 12)",10,104,134,10
70,"(35, 69)",23,180,210,10
39,"(60, 80)",10,37,67,10
88,"(24, 58)",19,67,97,10
89,"(67, 5)",25,144,174,10
71,"(65, 55)",14,65,95,10
16,"(0, 40)",20,72,102,10
9,"(10, 35)",20,91,121,10
99,"(26, 35)",15,77,107,10
22,"(40, 15)",40,92,122,10
35,"(67, 85)",20,139,169,10
82,"(27, 43)",9,42,72,10
80,"(47, 47)",13,192,222,10
92,"(53, 43)",14,14,44,10
78,"(8, 56)",27,90,120,10
60,"(15, 60)",17,155,185,10
28,"(92, 30)",10,62,92,10
10,"(10, 40)",30,119,149,10
6,"(18, 75)",20,95,125,10
1,"(25, 85)",20,145,175,10
7,"(15, 75)",20,79,109,10
90,"(37, 47)",6,86,116,10
31,"(88, 35)",20,61,91,10
18,"(44, 5)",20,87,117,10
54,"(55, 60)",16,139,169,10
94,"(57, 48)",23,95,125,10
74,"(20, 20)",8,141,171,10
59,"(10, 20)",19,42,72,10
11,"(8, 40)",40,59,89,10
41,"(58, 75)",20,92,122,10
42,"(55, 80)",10,33,63,10
3,"(22, 85)",10,109,139,10
53,"(20, 50)",5,91,121,10
43,"(55, 85)",20,128,158,10
67,"(64, 42)",9,70,100,10
98,"(26, 52)",9,46,76,10
48,"(42, 5)",10,151,181,10
44,"(55, 82)",10,64,94,10
47,"(2, 45)",10,45,75,10
52,"(25, 30)",3,52,82,10
